-- phpMyAdmin SQL Dump
-- version 5.2.1
-- https://www.phpmyadmin.net/
--
-- Host: 127.0.0.1
-- Tempo de geração: 20/11/2024 às 01:39
-- Versão do servidor: 10.4.32-MariaDB
-- Versão do PHP: 8.2.12

SET SQL_MODE = "NO_AUTO_VALUE_ON_ZERO";
START TRANSACTION;
SET time_zone = "+00:00";


/*!40101 SET @OLD_CHARACTER_SET_CLIENT=@@CHARACTER_SET_CLIENT */;
/*!40101 SET @OLD_CHARACTER_SET_RESULTS=@@CHARACTER_SET_RESULTS */;
/*!40101 SET @OLD_COLLATION_CONNECTION=@@COLLATION_CONNECTION */;
/*!40101 SET NAMES utf8mb4 */;

--
-- Banco de dados: `powerbi`
--

-- --------------------------------------------------------

--
-- Estrutura para tabela `acoes`
--

CREATE TABLE `acoes` (
  `ID_ACAO` int(11) NOT NULL,
  `DESCRICAO_ACAO` varchar(100) DEFAULT NULL,
  `IMPACTO_PREVISTO` decimal(10,1) DEFAULT NULL,
  `ANO_IMPLEMENTACAO` varchar(11) DEFAULT NULL
) ENGINE=InnoDB DEFAULT CHARSET=utf8 COLLATE=utf8_general_ci;

--
-- Despejando dados para a tabela `acoes`
--

INSERT INTO `acoes` (`ID_ACAO`, `DESCRICAO_ACAO`, `IMPACTO_PREVISTO`, `ANO_IMPLEMENTACAO`) VALUES
(1, 'Reflorestamento', 208.5, '2015'),
(2, 'Restrição de Queimadas', 150.7, '2018'),
(3, 'Proteção de Parques', 300.2, '2020'),
(4, 'Redução de Pecuária', 180.4, '2021');

-- --------------------------------------------------------

--
-- Estrutura para tabela `area_desmatada`
--

CREATE TABLE `area_desmatada` (
  `ID_Area` int(11) NOT NULL,
  `Ano` varchar(11) DEFAULT NULL,
  `ID_Regiao` varchar(11) DEFAULT NULL,
  `Area_Desmatada_Ha` decimal(10,2) DEFAULT NULL
) ENGINE=InnoDB DEFAULT CHARSET=utf8 COLLATE=utf8_general_ci;

--
-- Despejando dados para a tabela `area_desmatada`
--

INSERT INTO `area_desmatada` (`ID_Area`, `Ano`, `ID_Regiao`, `Area_Desmatada_Ha`) VALUES
(1, '2016', '5', 665.20),
(2, '2012', '1', 153.73),
(3, '2016', '5', 363.71),
(4, '2001', '5', 951.89),
(5, '2020', '4', 980.68),
(6, '2019', '3', 671.25),
(7, '2016', '2', 828.34),
(8, '2017', '4', 805.18),
(9, '2023', '2', 459.00),
(10, '2009', '2', 375.59),
(11, '2008', '5', 868.87),
(12, '2017', '2', 834.82),
(13, '2009', '1', 317.79),
(14, '2006', '2', 282.02),
(15, '2008', '2', 270.10),
(16, '2009', '4', 309.57),
(17, '2018', '3', 755.57),
(18, '2008', '3', 727.62),
(19, '2013', '1', 544.04),
(20, '2015', '3', 689.89),
(21, '2013', '5', 204.92),
(22, '2018', '1', 750.17),
(23, '2005', '2', 314.39),
(24, '2004', '5', 888.12),
(25, '2022', '2', 474.39),
(26, '2019', '4', 644.41),
(27, '2001', '2', 963.08),
(28, '2018', '5', 526.38),
(29, '2004', '4', 142.45),
(30, '2016', '5', 287.19),
(31, '2016', '4', 297.27),
(32, '2005', '2', 359.47),
(33, '2014', '1', 362.55),
(34, '2017', '4', 817.39),
(35, '2001', '1', 673.13),
(36, '2020', '4', 275.46),
(37, '2000', '1', 565.68),
(38, '2013', '2', 812.25),
(39, '2016', '3', 267.64),
(40, '2023', '5', 400.44),
(41, '2018', '4', 978.07),
(42, '2018', '1', 208.97),
(43, '2019', '1', 752.28),
(44, '2008', '3', 529.30),
(45, '2003', '4', 348.69),
(46, '2021', '3', 740.47),
(47, '2019', '3', 209.46),
(48, '2016', '3', 259.58),
(49, '2013', '1', 744.37),
(50, '2016', '4', 262.62),
(51, '2004', '3', 459.53),
(52, '2005', '5', 407.12),
(53, '2013', '2', 509.64),
(54, '2002', '3', 735.16),
(55, '2023', '5', 530.93),
(56, '2017', '1', 265.83),
(57, '2007', '1', 110.33),
(58, '2018', '2', 123.02),
(59, '2007', '4', 583.97),
(60, '2019', '2', 851.80),
(61, '2009', '5', 218.92),
(62, '2018', '4', 870.01),
(63, '2009', '1', 425.96),
(64, '2022', '4', 895.99),
(65, '2023', '2', 317.65),
(66, '2023', '3', 508.86),
(67, '2016', '5', 582.83),
(68, '2006', '1', 694.40),
(69, '2017', '3', 120.40),
(70, '2019', '3', 685.19),
(71, '2002', '4', 861.45),
(72, '2018', '4', 860.11),
(73, '2009', '3', 898.31),
(74, '2001', '5', 750.90),
(75, '2003', '5', 529.53),
(76, '2003', '4', 523.32),
(77, '2006', '3', 789.07),
(78, '2004', '3', 757.59),
(79, '2008', '3', 242.16),
(80, '2011', '5', 327.65),
(81, '2015', '1', 732.92),
(82, '2015', '5', 994.52),
(83, '2018', '3', 537.56),
(84, '2021', '1', 102.54),
(85, '2014', '1', 689.20),
(86, '2016', '5', 763.59),
(87, '2017', '2', 708.06),
(88, '2005', '5', 818.29),
(89, '2012', '5', 143.20),
(90, '2009', '3', 627.33),
(91, '2014', '4', 752.83),
(92, '2002', '5', 512.09),
(93, '2010', '5', 639.53),
(94, '2008', '5', 111.05),
(95, '2014', '3', 138.57),
(96, '2019', '2', 297.72),
(97, '2009', '1', 222.57),
(98, '2009', '5', 624.49),
(99, '2004', '1', 372.65),
(100, '2007', '1', 949.41),
(101, '2004', '5', 179.64),
(102, '2003', '1', 550.26),
(103, '2014', '2', 423.25),
(104, '2023', '2', 863.45),
(105, '2007', '4', 378.48),
(106, '2003', '2', 398.55),
(107, '2018', '1', 266.12),
(108, '2002', '1', 503.93),
(109, '2020', '3', 147.19),
(110, '2023', '3', 566.90),
(111, '2019', '4', 361.50),
(112, '2016', '5', 484.96),
(113, '2016', '5', 197.70),
(114, '2017', '3', 703.92),
(115, '2018', '4', 726.58),
(116, '2019', '5', 745.72),
(117, '2002', '2', 810.11),
(118, '2006', '3', 680.89),
(119, '2021', '2', 509.16),
(120, '2004', '1', 453.01),
(121, '2021', '3', 677.26),
(122, '2013', '4', 584.73),
(123, '2018', '2', 542.34),
(124, '2022', '5', 880.32),
(125, '2010', '3', 702.76),
(126, '2018', '4', 427.57),
(127, '2000', '1', 243.88),
(128, '2022', '2', 539.39),
(129, '2012', '2', 164.94),
(130, '2008', '4', 247.35),
(131, '2017', '1', 493.44),
(132, '2009', '1', 161.03),
(133, '2005', '2', 290.38),
(134, '2010', '3', 117.09),
(135, '2003', '4', 126.86),
(136, '2011', '1', 280.36),
(137, '2002', '3', 423.69),
(138, '2005', '1', 485.67),
(139, '2017', '4', 834.84),
(140, '2015', '5', 796.39),
(141, '2017', '4', 520.93),
(142, '2011', '2', 929.47),
(143, '2016', '4', 647.07),
(144, '2016', '3', 103.07),
(145, '2015', '2', 931.00),
(146, '2000', '1', 575.48),
(147, '2006', '4', 772.32),
(148, '2012', '5', 584.95),
(149, '2003', '3', 773.04),
(150, '2003', '2', 774.65),
(151, '2020', '4', 777.38),
(152, '2018', '5', 640.29),
(153, '2004', '3', 223.62),
(154, '2003', '2', 971.32),
(155, '2010', '3', 871.35),
(156, '2006', '2', 244.78),
(157, '2004', '5', 407.25),
(158, '2003', '5', 154.16),
(159, '2006', '1', 361.82),
(160, '2017', '3', 477.41),
(161, '2018', '3', 104.72),
(162, '2017', '1', 935.82),
(163, '2006', '4', 292.28),
(164, '2012', '2', 574.03),
(165, '2016', '5', 283.76),
(166, '2021', '3', 336.78),
(167, '2010', '2', 983.26),
(168, '2001', '1', 231.54),
(169, '2000', '2', 111.03),
(170, '2011', '5', 555.81),
(171, '2014', '3', 435.56),
(172, '2017', '1', 495.75),
(173, '2010', '2', 145.55),
(174, '2000', '5', 134.60),
(175, '2012', '3', 490.13),
(176, '2000', '5', 686.46),
(177, '2019', '5', 776.23),
(178, '2005', '2', 925.73),
(179, '2011', '1', 789.68),
(180, '2007', '3', 438.53),
(181, '2010', '2', 899.35),
(182, '2012', '1', 324.11),
(183, '2003', '5', 914.26),
(184, '2008', '2', 316.20),
(185, '2018', '4', 532.58),
(186, '2009', '4', 581.66),
(187, '2018', '3', 229.76),
(188, '2018', '5', 103.07),
(189, '2022', '1', 325.06),
(190, '2009', '1', 694.43),
(191, '2023', '1', 582.53),
(192, '2010', '3', 311.67),
(193, '2014', '3', 585.37),
(194, '2023', '3', 893.14),
(195, '2013', '3', 632.26),
(196, '2012', '2', 453.79),
(197, '2011', '3', 367.37),
(198, '2005', '4', 801.19),
(199, '2002', '4', 997.88),
(200, '2008', '1', 118.56);

-- --------------------------------------------------------

--
-- Estrutura para tabela `causas`
--

CREATE TABLE `causas` (
  `ID_Causa` int(11) NOT NULL,
  `Descricao_Causa` varchar(100) DEFAULT NULL
) ENGINE=InnoDB DEFAULT CHARSET=utf8 COLLATE=utf8_general_ci;

--
-- Despejando dados para a tabela `causas`
--

INSERT INTO `causas` (`ID_Causa`, `Descricao_Causa`) VALUES
(1, 'Agricultura'),
(2, 'Pecuária'),
(3, 'Mineração'),
(4, 'Construção de Estradas'),
(5, 'Extração de Madeira');

-- --------------------------------------------------------

--
-- Estrutura para tabela `cliente`
--

CREATE TABLE `cliente` (
  `Codigo` int(2) NOT NULL,
  `Nome` varchar(10) NOT NULL
) ENGINE=InnoDB DEFAULT CHARSET=utf8 COLLATE=utf8_general_ci;

-- --------------------------------------------------------

--
-- Estrutura para tabela `desmatamento_causas`
--

CREATE TABLE `desmatamento_causas` (
  `ID_Area` int(11) NOT NULL,
  `ID_Causa` varchar(11) NOT NULL,
  `Percentual_Contribuicao` decimal(5,2) DEFAULT NULL
) ENGINE=InnoDB DEFAULT CHARSET=utf8 COLLATE=utf8_general_ci;

--
-- Despejando dados para a tabela `desmatamento_causas`
--

INSERT INTO `desmatamento_causas` (`ID_Area`, `ID_Causa`, `Percentual_Contribuicao`) VALUES
(1, '4', 66.61),
(2, '5', 22.26),
(3, '5', 38.38),
(4, '2', 1.36),
(4, '4', 80.36),
(5, '3', 16.79),
(5, '4', 93.87),
(6, '1', 20.38),
(7, '5', 76.89),
(8, '2', 97.86),
(9, '2', 69.55),
(10, '1', 46.96),
(10, '2', 75.26),
(10, '5', 41.57),
(11, '1', 98.87),
(11, '4', 16.59),
(11, '5', 27.26),
(12, '5', 52.41),
(13, '1', 33.31),
(13, '3', 1.90),
(14, '3', 20.98),
(14, '4', 87.70),
(14, '5', 93.20),
(15, '2', 39.60),
(16, '1', 65.49),
(16, '3', 49.97),
(16, '5', 19.71),
(17, '1', 25.21),
(17, '4', 19.25),
(17, '5', 20.85),
(18, '4', 62.53),
(19, '4', 24.77),
(20, '1', 39.58),
(20, '2', 26.21),
(20, '5', 30.11),
(21, '2', 78.37),
(21, '3', 65.31),
(22, '5', 31.82),
(23, '5', 88.00),
(24, '3', 76.41),
(24, '4', 60.51),
(25, '1', 76.78),
(25, '5', 73.78),
(26, '2', 15.17),
(26, '3', 49.21),
(26, '5', 19.42),
(27, '1', 55.09),
(28, '1', 72.14),
(28, '2', 66.23),
(28, '5', 54.40),
(29, '5', 81.61),
(30, '2', 33.61),
(30, '4', 86.71),
(30, '5', 33.21),
(31, '3', 56.15),
(31, '4', 52.51),
(31, '5', 91.86),
(32, '2', 96.36),
(32, '4', 83.51),
(32, '5', 38.39),
(33, '4', 99.39),
(34, '3', 35.90),
(34, '4', 30.95),
(35, '2', 82.16),
(35, '4', 21.22),
(35, '5', 61.36),
(36, '5', 33.10),
(37, '5', 99.03),
(38, '2', 2.27),
(39, '1', 20.78),
(39, '4', 7.17),
(39, '5', 5.34),
(40, '4', 71.50),
(41, '3', 25.31),
(42, '1', 63.44),
(42, '2', 26.03),
(42, '4', 87.56),
(43, '3', 18.23),
(43, '5', 6.89),
(44, '1', 91.74),
(44, '3', 4.17),
(44, '5', 10.34),
(45, '1', 22.10),
(45, '2', 84.26),
(46, '1', 84.43),
(46, '3', 12.93),
(46, '4', 87.24),
(47, '1', 71.18),
(48, '1', 53.14),
(48, '3', 78.31),
(48, '4', 35.66),
(49, '4', 72.56),
(50, '4', 91.04),
(51, '3', 88.67),
(51, '5', 97.37),
(52, '2', 67.08),
(53, '2', 24.99),
(53, '4', 61.40),
(54, '5', 90.59),
(55, '4', 39.03),
(56, '2', 69.25),
(56, '4', 23.53),
(56, '5', 55.25),
(57, '4', 18.89),
(57, '5', 82.21),
(58, '3', 90.96),
(58, '4', 32.15),
(59, '1', 99.35),
(59, '2', 46.82),
(59, '5', 57.69),
(60, '4', 39.70),
(60, '5', 43.20),
(61, '3', 73.83),
(61, '4', 22.07),
(62, '1', 82.85),
(62, '5', 21.79),
(63, '2', 5.01),
(64, '2', 96.77),
(64, '3', 86.83),
(64, '5', 62.16),
(65, '2', 99.53),
(65, '3', 66.47),
(65, '4', 85.41),
(66, '4', 95.44),
(67, '3', 54.60),
(67, '4', 46.92),
(67, '5', 58.65),
(68, '1', 93.56),
(69, '1', 74.42),
(69, '4', 35.81),
(70, '2', 18.11),
(71, '2', 68.76),
(72, '1', 51.27),
(72, '5', 64.96),
(73, '4', 14.58),
(73, '5', 12.73),
(74, '1', 58.18),
(75, '1', 38.00),
(75, '2', 7.80),
(75, '5', 72.46),
(76, '1', 6.91),
(77, '1', 93.84),
(77, '2', 29.01),
(77, '4', 47.32),
(78, '4', 60.39),
(78, '5', 62.65),
(79, '2', 84.93),
(79, '4', 43.00),
(80, '1', 67.86),
(80, '4', 16.05),
(80, '5', 79.72),
(81, '1', 31.64),
(81, '3', 72.09),
(81, '5', 17.61),
(82, '1', 42.24),
(82, '2', 65.38),
(83, '3', 32.29),
(83, '4', 72.88),
(83, '5', 68.38),
(84, '1', 41.73),
(85, '3', 79.06),
(86, '1', 28.23),
(86, '3', 40.03),
(87, '1', 3.54),
(87, '2', 24.82),
(87, '4', 86.83),
(88, '2', 51.97),
(88, '3', 85.45),
(89, '1', 62.94),
(89, '3', 48.97),
(89, '5', 42.11),
(90, '4', 66.92),
(90, '5', 69.43),
(91, '4', 61.19),
(92, '1', 28.03),
(92, '2', 78.08),
(92, '3', 23.28),
(93, '5', 10.95),
(94, '2', 55.99),
(94, '3', 52.57),
(94, '5', 1.70),
(95, '3', 15.22),
(96, '1', 61.97),
(96, '2', 47.76),
(96, '4', 60.04),
(97, '1', 96.93),
(97, '2', 96.97),
(97, '4', 47.97),
(98, '1', 22.46),
(98, '4', 20.74),
(98, '5', 55.95),
(99, '1', 80.39),
(100, '2', 76.47),
(101, '3', 81.19),
(102, '4', 35.84),
(103, '1', 29.17),
(104, '2', 43.45),
(105, '5', 87.54),
(106, '4', 76.92),
(107, '1', 68.74),
(108, '5', 93.15),
(109, '3', 44.51),
(110, '2', 77.65),
(111, '1', 55.39),
(112, '4', 90.32),
(113, '5', 61.74),
(114, '3', 82.57),
(115, '2', 49.48),
(116, '1', 71.33),
(117, '4', 83.62),
(118, '5', 79.99),
(119, '2', 65.27),
(120, '3', 54.22),
(121, '1', 87.61),
(122, '5', 91.84),
(123, '4', 33.74),
(124, '3', 42.69),
(125, '2', 84.11),
(126, '1', 90.58),
(127, '5', 56.82),
(128, '4', 74.18),
(129, '3', 85.35),
(130, '1', 67.53),
(131, '2', 92.14),
(132, '4', 57.83),
(133, '5', 38.91),
(134, '3', 29.45),
(135, '1', 78.76),
(136, '2', 51.62),
(137, '4', 89.23),
(138, '5', 73.98),
(139, '3', 62.14),
(140, '1', 80.25),
(141, '2', 33.17),
(142, '4', 44.65),
(143, '5', 56.12),
(144, '3', 88.31),
(145, '1', 92.44),
(146, '2', 64.39),
(147, '4', 77.28),
(148, '5', 53.56),
(149, '3', 39.11),
(150, '1', 95.07),
(151, '2', 86.82),
(152, '4', 67.41),
(153, '5', 48.93),
(154, '3', 94.82),
(155, '1', 60.45),
(156, '2', 82.26),
(157, '4', 25.36),
(158, '5', 99.47),
(159, '3', 42.23),
(160, '1', 75.93),
(161, '2', 58.62),
(162, '4', 82.95),
(163, '5', 73.16),
(164, '3', 92.03),
(165, '1', 81.47),
(166, '2', 37.28),
(167, '4', 59.83),
(168, '5', 78.29),
(169, '3', 54.78),
(170, '1', 66.39),
(171, '2', 96.51),
(172, '4', 84.15),
(173, '5', 62.39),
(174, '3', 45.68),
(175, '1', 69.89),
(176, '2', 48.57),
(177, '4', 63.74),
(178, '5', 57.23),
(179, '3', 91.13),
(180, '1', 85.69),
(181, '2', 41.75),
(182, '4', 68.94),
(183, '5', 59.02),
(184, '3', 77.65),
(185, '1', 72.98),
(186, '2', 90.61),
(187, '4', 54.12),
(188, '5', 88.29),
(189, '3', 63.84),
(190, '1', 97.53),
(191, '2', 71.36),
(192, '4', 65.82),
(193, '5', 76.41),
(194, '3', 52.14),
(195, '1', 83.96),
(196, '2', 29.38),
(197, '4', 93.78),
(198, '5', 64.55),
(199, '3', 86.72),
(200, '1', 78.51);

-- --------------------------------------------------------

--
-- Estrutura para tabela `regiao`
--

CREATE TABLE `regiao` (
  `ID_Regiao` int(11) NOT NULL,
  `Nome_Regiao` varchar(50) DEFAULT NULL,
  `Pais` varchar(50) DEFAULT NULL,
  `Continente` varchar(50) DEFAULT NULL
) ENGINE=InnoDB DEFAULT CHARSET=utf8 COLLATE=utf8_general_ci;

--
-- Despejando dados para a tabela `regiao`
--

INSERT INTO `regiao` (`ID_Regiao`, `Nome_Regiao`, `Pais`, `Continente`) VALUES
(1, 'Amazônia', 'Brasil', 'América do Sul'),
(2, 'Cerrado', 'Brasil', 'América do Sul'),
(3, 'Pantanal', 'Brasil', 'América do Sul'),
(4, 'Mata Atlântica', 'Brasil', 'América do Sul'),
(5, 'Chaco', 'Paraguai', 'América do Sul');

--
-- Índices para tabelas despejadas
--

--
-- Índices de tabela `acoes`
--
ALTER TABLE `acoes`
  ADD PRIMARY KEY (`ID_ACAO`);

--
-- Índices de tabela `area_desmatada`
--
ALTER TABLE `area_desmatada`
  ADD PRIMARY KEY (`ID_Area`),
  ADD KEY `ID_Regiao` (`ID_Regiao`);

--
-- Índices de tabela `causas`
--
ALTER TABLE `causas`
  ADD PRIMARY KEY (`ID_Causa`);

--
-- Índices de tabela `cliente`
--
ALTER TABLE `cliente`
  ADD PRIMARY KEY (`Codigo`);

--
-- Índices de tabela `desmatamento_causas`
--
ALTER TABLE `desmatamento_causas`
  ADD PRIMARY KEY (`ID_Area`,`ID_Causa`),
  ADD KEY `ID_Causa` (`ID_Causa`);

--
-- Índices de tabela `regiao`
--
ALTER TABLE `regiao`
  ADD PRIMARY KEY (`ID_Regiao`);

--
-- AUTO_INCREMENT para tabelas despejadas
--

--
-- AUTO_INCREMENT de tabela `cliente`
--
ALTER TABLE `cliente`
  MODIFY `Codigo` int(2) NOT NULL AUTO_INCREMENT, AUTO_INCREMENT=3;

--
-- Restrições para tabelas despejadas
--

--
-- Restrições para tabelas `desmatamento_causas`
--
ALTER TABLE `desmatamento_causas`
  ADD CONSTRAINT `desmatamento_causas_ibfk_1` FOREIGN KEY (`ID_Area`) REFERENCES `area_desmatada` (`ID_Area`);
COMMIT;

/*!40101 SET CHARACTER_SET_CLIENT=@OLD_CHARACTER_SET_CLIENT */;
/*!40101 SET CHARACTER_SET_RESULTS=@OLD_CHARACTER_SET_RESULTS */;
/*!40101 SET COLLATION_CONNECTION=@OLD_COLLATION_CONNECTION */;
